{
    "info": {
        "_postman_id": "multi-store-api-complete-collection",
        "name": "Multi-Store API Complete Collection",
        "schema": "https://schema.getpostman.com/json/collection/v2.1.0/collection.json"
    },
    "item": [
        {
            "name": "Auth",
            "item": [
                {
                    "name": "Register User",
                    "request": {
                        "method": "POST",
                        "header": [
                            {
                                "key": "Content-Type",
                                "value": "application/json"
                            }
                        ],
                        "body": {
                            "mode": "raw",
                            "raw": "{\n  \"email\": \"user@example.com\",\n  \"username\": \"user1\",\n  \"name\": \"User Name\",\n  \"phone_number\": \"1234567890\",\n  \"password\": \"password\",\n  \"role_id\": \"{{role_id}}\",\n  \"store_id\": \"{{store_id}}\"\n}"
                        },
                        "url": {
                            "raw": "{{baseUrl}}/users/register",
                            "host": [
                                "{{baseUrl}}"
                            ],
                            "path": [
                                "users",
                                "register"
                            ]
                        }
                    }
                },
                {
                    "name": "Login User",
                    "request": {
                        "method": "POST",
                        "header": [
                            {
                                "key": "Content-Type",
                                "value": "application/json"
                            }
                        ],
                        "body": {
                            "mode": "raw",
                            "raw": "{\n  \"email\": \"user@example.com\",\n  \"password\": \"password\"\n}"
                        },
                        "url": {
                            "raw": "{{baseUrl}}/users/login",
                            "host": [
                                "{{baseUrl}}"
                            ],
                            "path": [
                                "users",
                                "login"
                            ]
                        }
                    }
                },
                {
                    "name": "Logout User",
                    "request": {
                        "method": "POST",
                        "header": [],
                        "url": {
                            "raw": "{{baseUrl}}/users/logout",
                            "host": [
                                "{{baseUrl}}"
                            ],
                            "path": [
                                "users",
                                "logout"
                            ]
                        }
                    }
                },
                {
                    "name": "Refresh Token",
                    "request": {
                        "method": "POST",
                        "header": [],
                        "url": {
                            "raw": "{{baseUrl}}/users/refresh-token",
                            "host": [
                                "{{baseUrl}}"
                            ],
                            "path": [
                                "users",
                                "refresh-token"
                            ]
                        }
                    }
                }
            ]
        },
        {
            "name": "User",
            "item": [
                {
                    "name": "Get User Profile",
                    "request": {
                        "method": "GET",
                        "header": [],
                        "url": {
                            "raw": "{{baseUrl}}/users/profile?user_id={{user_id}}",
                            "host": [
                                "{{baseUrl}}"
                            ],
                            "path": [
                                "users",
                                "profile"
                            ],
                            "query": [
                                {
                                    "key": "user_id",
                                    "value": "{{user_id}}"
                                }
                            ]
                        }
                    }
                },
                {
                    "name": "Update User",
                    "request": {
                        "method": "PUT",
                        "header": [
                            {
                                "key": "Content-Type",
                                "value": "application/json"
                            }
                        ],
                        "body": {
                            "mode": "raw",
                            "raw": "{\n  \"user_id\": \"{{user_id}}\",\n  \"name\": \"New Name\"\n}"
                        },
                        "url": {
                            "raw": "{{baseUrl}}/users/{{user_id}}",
                            "host": [
                                "{{baseUrl}}"
                            ],
                            "path": [
                                "users",
                                "{{user_id}}"
                            ]
                        }
                    }
                },
                {
                    "name": "Delete User",
                    "request": {
                        "method": "DELETE",
                        "header": [],
                        "url": {
                            "raw": "{{baseUrl}}/users/{{user_id}}",
                            "host": [
                                "{{baseUrl}}"
                            ],
                            "path": [
                                "users",
                                "{{user_id}}"
                            ]
                        }
                    }
                }
            ]
        },
        {
            "name": "Store",
            "item": [
                {
                    "name": "Create Store",
                    "request": {
                        "method": "POST",
                        "header": [
                            {
                                "key": "Content-Type",
                                "value": "application/json"
                            }
                        ],
                        "body": {
                            "mode": "raw",
                            "raw": "{\n  \"store_name\": \"My Store\",\n  \"domain\": \"mystore.com\",\n  \"category_id\": \"{{category_id}}\",\n  \"config\": {}\n}"
                        },
                        "url": {
                            "raw": "{{baseUrl}}/stores",
                            "host": [
                                "{{baseUrl}}"
                            ],
                            "path": [
                                "stores"
                            ]
                        }
                    }
                },
                {
                    "name": "Get All Stores",
                    "request": {
                        "method": "GET",
                        "header": [],
                        "url": {
                            "raw": "{{baseUrl}}/stores",
                            "host": [
                                "{{baseUrl}}"
                            ],
                            "path": [
                                "stores"
                            ]
                        }
                    }
                },
                {
                    "name": "Get Store By ID",
                    "request": {
                        "method": "GET",
                        "header": [],
                        "url": {
                            "raw": "{{baseUrl}}/stores/{{store_id}}",
                            "host": [
                                "{{baseUrl}}"
                            ],
                            "path": [
                                "stores",
                                "{{store_id}}"
                            ]
                        }
                    }
                },
                {
                    "name": "Update Store",
                    "request": {
                        "method": "PUT",
                        "header": [
                            {
                                "key": "Content-Type",
                                "value": "application/json"
                            }
                        ],
                        "body": {
                            "mode": "raw",
                            "raw": "{\n  \"store_id\": \"{{store_id}}\",\n  \"store_name\": \"Updated Store\"\n}"
                        },
                        "url": {
                            "raw": "{{baseUrl}}/stores/{{store_id}}",
                            "host": [
                                "{{baseUrl}}"
                            ],
                            "path": [
                                "stores",
                                "{{store_id}}"
                            ]
                        }
                    }
                },
                {
                    "name": "Delete Store",
                    "request": {
                        "method": "DELETE",
                        "header": [],
                        "url": {
                            "raw": "{{baseUrl}}/stores/{{store_id}}",
                            "host": [
                                "{{baseUrl}}"
                            ],
                            "path": [
                                "stores",
                                "{{store_id}}"
                            ]
                        }
                    }
                },
                {
                    "name": "Get Store Homepage Config",
                    "request": {
                        "method": "GET",
                        "header": [],
                        "url": {
                            "raw": "{{baseUrl}}/homepage/config?store_id={{store_id}}",
                            "host": [
                                "{{baseUrl}}"
                            ],
                            "path": [
                                "homepage",
                                "config"
                            ],
                            "query": [
                                {
                                    "key": "store_id",
                                    "value": "{{store_id}}"
                                }
                            ]
                        }
                    }
                },
                {
                    "name": "Update Store Homepage Config",
                    "request": {
                        "method": "PUT",
                        "header": [
                            {
                                "key": "Content-Type",
                                "value": "application/json"
                            }
                        ],
                        "body": {
                            "mode": "raw",
                            "raw": "{\n  \"store_id\": \"{{store_id}}\",\n  \"config\": {\n    \"heroSection\": {\n      \"image_url\": \"...\",\n      \"title\": \"...\"\n    }\n  }\n}"
                        },
                        "url": {
                            "raw": "{{baseUrl}}/homepage/config",
                            "host": [
                                "{{baseUrl}}"
                            ],
                            "path": [
                                "homepage",
                                "config"
                            ]
                        }
                    }
                },
                {
                    "name": "Patch Store Homepage Section",
                    "request": {
                        "method": "PATCH",
                        "header": [
                            {
                                "key": "Content-Type",
                                "value": "application/json"
                            }
                        ],
                        "body": {
                            "mode": "raw",
                            "raw": "{\n  \"store_id\": \"{{store_id}}\",\n  \"section\": \"heroSection\",\n  \"data\": {\n    \"image_url\": \"...\",\n    \"title\": \"...\"\n  }\n}"
                        },
                        "url": {
                            "raw": "{{baseUrl}}/homepage/config/section",
                            "host": [
                                "{{baseUrl}}"
                            ],
                            "path": [
                                "homepage",
                                "config",
                                "section"
                            ]
                        }
                    }
                }
            ]
        },
        {
            "name": "Category",
            "item": [
                {
                    "name": "Create Category",
                    "request": {
                        "method": "POST",
                        "header": [
                            {
                                "key": "Content-Type",
                                "value": "application/json"
                            }
                        ],
                        "body": {
                            "mode": "raw",
                            "raw": "{\n  \"category_name\": \"Sarees\",\n  \"img_url\": \"...\"\n}"
                        },
                        "url": {
                            "raw": "{{baseUrl}}/categories",
                            "host": [
                                "{{baseUrl}}"
                            ],
                            "path": [
                                "categories"
                            ]
                        }
                    }
                },
                {
                    "name": "Get All Categories",
                    "request": {
                        "method": "GET",
                        "header": [],
                        "url": {
                            "raw": "{{baseUrl}}/categories",
                            "host": [
                                "{{baseUrl}}"
                            ],
                            "path": [
                                "categories"
                            ]
                        }
                    }
                },
                {
                    "name": "Get Category By ID",
                    "request": {
                        "method": "GET",
                        "header": [],
                        "url": {
                            "raw": "{{baseUrl}}/categories/{{category_id}}",
                            "host": [
                                "{{baseUrl}}"
                            ],
                            "path": [
                                "categories",
                                "{{category_id}}"
                            ]
                        }
                    }
                },
                {
                    "name": "Update Category",
                    "request": {
                        "method": "PUT",
                        "header": [
                            {
                                "key": "Content-Type",
                                "value": "application/json"
                            }
                        ],
                        "body": {
                            "mode": "raw",
                            "raw": "{\n  \"category_name\": \"Updated Category\",\n  \"img_url\": \"...\"\n}"
                        },
                        "url": {
                            "raw": "{{baseUrl}}/categories/{{category_id}}",
                            "host": [
                                "{{baseUrl}}"
                            ],
                            "path": [
                                "categories",
                                "{{category_id}}"
                            ]
                        }
                    }
                },
                {
                    "name": "Delete Category",
                    "request": {
                        "method": "DELETE",
                        "header": [],
                        "url": {
                            "raw": "{{baseUrl}}/categories/{{category_id}}",
                            "host": [
                                "{{baseUrl}}"
                            ],
                            "path": [
                                "categories",
                                "{{category_id}}"
                            ]
                        }
                    }
                }
            ]
        },
        {
            "name": "Product",
            "item": [
                {
                    "name": "Create Product",
                    "request": {
                        "method": "POST",
                        "header": [
                            {
                                "key": "Content-Type",
                                "value": "application/json"
                            }
                        ],
                        "body": {
                            "mode": "raw",
                            "raw": "{\n  \"name\": \"Saree\",\n  \"price\": 1000,\n  \"category\": \"{{category_id}}\",\n  \"seller\": \"{{user_id}}\",\n  \"stock\": {\"quantity\": 10},\n  \"tags\": [\"cotton\", \"red\"]\n}"
                        },
                        "url": {
                            "raw": "{{baseUrl}}/products",
                            "host": [
                                "{{baseUrl}}"
                            ],
                            "path": [
                                "products"
                            ]
                        }
                    }
                },
                {
                    "name": "Get All Products",
                    "request": {
                        "method": "GET",
                        "header": [],
                        "url": {
                            "raw": "{{baseUrl}}/products?storeId={{store_id}}&category={{category_id}}&tags=tag1,tag2&minPrice=100&maxPrice=1000",
                            "host": [
                                "{{baseUrl}}"
                            ],
                            "path": [
                                "products"
                            ],
                            "query": [
                                {
                                    "key": "storeId",
                                    "value": "{{store_id}}"
                                },
                                {
                                    "key": "category",
                                    "value": "{{category_id}}"
                                },
                                {
                                    "key": "tags",
                                    "value": "tag1,tag2"
                                },
                                {
                                    "key": "minPrice",
                                    "value": "100"
                                },
                                {
                                    "key": "maxPrice",
                                    "value": "1000"
                                }
                            ]
                        }
                    }
                },
                {
                    "name": "Get Product By ID",
                    "request": {
                        "method": "GET",
                        "header": [],
                        "url": {
                            "raw": "{{baseUrl}}/products/{{product_id}}",
                            "host": [
                                "{{baseUrl}}"
                            ],
                            "path": [
                                "products",
                                "{{product_id}}"
                            ]
                        }
                    }
                },
                {
                    "name": "Update Product",
                    "request": {
                        "method": "PUT",
                        "header": [
                            {
                                "key": "Content-Type",
                                "value": "application/json"
                            }
                        ],
                        "body": {
                            "mode": "raw",
                            "raw": "{\n  \"name\": \"Updated Saree\",\n  \"price\": 1200\n}"
                        },
                        "url": {
                            "raw": "{{baseUrl}}/products/{{product_id}}",
                            "host": [
                                "{{baseUrl}}"
                            ],
                            "path": [
                                "products",
                                "{{product_id}}"
                            ]
                        }
                    }
                },
                {
                    "name": "Delete Product",
                    "request": {
                        "method": "DELETE",
                        "header": [],
                        "url": {
                            "raw": "{{baseUrl}}/products/{{product_id}}",
                            "host": [
                                "{{baseUrl}}"
                            ],
                            "path": [
                                "products",
                                "{{product_id}}"
                            ]
                        }
                    }
                },
                {
                    "name": "Search/Filter Products",
                    "request": {
                        "method": "GET",
                        "header": [],
                        "url": {
                            "raw": "{{baseUrl}}/products/search?q=saree&category={{category_id}}&tags=tag1,tag2&minPrice=100&maxPrice=1000",
                            "host": [
                                "{{baseUrl}}"
                            ],
                            "path": [
                                "products",
                                "search"
                            ],
                            "query": [
                                {
                                    "key": "q",
                                    "value": "saree"
                                },
                                {
                                    "key": "category",
                                    "value": "{{category_id}}"
                                },
                                {
                                    "key": "tags",
                                    "value": "tag1,tag2"
                                },
                                {
                                    "key": "minPrice",
                                    "value": "100"
                                },
                                {
                                    "key": "maxPrice",
                                    "value": "1000"
                                }
                            ]
                        }
                    }
                }
            ]
        },
        {
            "name": "Order",
            "item": [
                {
                    "name": "Create Order",
                    "request": {
                        "method": "POST",
                        "header": [
                            {
                                "key": "Content-Type",
                                "value": "application/json"
                            }
                        ],
                        "body": {
                            "mode": "raw",
                            "raw": "{\n  \"store_id\": \"{{store_id}}\",\n  \"user_id\": \"{{user_id}}\",\n  \"items\": [{\"product_id\": \"{{product_id}}\", \"quantity\": 1}],\n  \"total\": 1000,\n  \"status\": \"pending\"\n}"
                        },
                        "url": {
                            "raw": "{{baseUrl}}/orders",
                            "host": [
                                "{{baseUrl}}"
                            ],
                            "path": [
                                "orders"
                            ]
                        }
                    }
                },
                {
                    "name": "Get All Orders",
                    "request": {
                        "method": "GET",
                        "header": [],
                        "url": {
                            "raw": "{{baseUrl}}/orders?store_id={{store_id}}&user_id={{user_id}}&status=pending",
                            "host": [
                                "{{baseUrl}}"
                            ],
                            "path": [
                                "orders"
                            ],
                            "query": [
                                {
                                    "key": "store_id",
                                    "value": "{{store_id}}"
                                },
                                {
                                    "key": "user_id",
                                    "value": "{{user_id}}"
                                },
                                {
                                    "key": "status",
                                    "value": "pending"
                                }
                            ]
                        }
                    }
                },
                {
                    "name": "Get Order By ID",
                    "request": {
                        "method": "GET",
                        "header": [],
                        "url": {
                            "raw": "{{baseUrl}}/orders/{{order_id}}",
                            "host": [
                                "{{baseUrl}}"
                            ],
                            "path": [
                                "orders",
                                "{{order_id}}"
                            ]
                        }
                    }
                },
                {
                    "name": "Update Order",
                    "request": {
                        "method": "PUT",
                        "header": [
                            {
                                "key": "Content-Type",
                                "value": "application/json"
                            }
                        ],
                        "body": {
                            "mode": "raw",
                            "raw": "{\n  \"status\": \"processing\"\n}"
                        },
                        "url": {
                            "raw": "{{baseUrl}}/orders/{{order_id}}",
                            "host": [
                                "{{baseUrl}}"
                            ],
                            "path": [
                                "orders",
                                "{{order_id}}"
                            ]
                        }
                    }
                },
                {
                    "name": "Delete Order",
                    "request": {
                        "method": "DELETE",
                        "header": [],
                        "url": {
                            "raw": "{{baseUrl}}/orders/{{order_id}}",
                            "host": [
                                "{{baseUrl}}"
                            ],
                            "path": [
                                "orders",
                                "{{order_id}}"
                            ]
                        }
                    }
                },
                {
                    "name": "Update Order Status",
                    "request": {
                        "method": "PATCH",
                        "header": [
                            {
                                "key": "Content-Type",
                                "value": "application/json"
                            }
                        ],
                        "body": {
                            "mode": "raw",
                            "raw": "{\n  \"status\": \"shipped\"\n}"
                        },
                        "url": {
                            "raw": "{{baseUrl}}/orders/{{order_id}}/status",
                            "host": [
                                "{{baseUrl}}"
                            ],
                            "path": [
                                "orders",
                                "{{order_id}}",
                                "status"
                            ]
                        }
                    }
                }
            ]
        },
        {
            "name": "Cart",
            "item": [
                {
                    "name": "Add to Cart",
                    "request": {
                        "method": "POST",
                        "header": [
                            {
                                "key": "Content-Type",
                                "value": "application/json"
                            }
                        ],
                        "body": {
                            "mode": "raw",
                            "raw": "{\n  \"user_id\": \"{{user_id}}\",\n  \"product_id\": \"{{product_id}}\",\n  \"quantity\": 1\n}"
                        },
                        "url": {
                            "raw": "{{baseUrl}}/cart/add",
                            "host": [
                                "{{baseUrl}}"
                            ],
                            "path": [
                                "cart",
                                "add"
                            ]
                        }
                    }
                },
                {
                    "name": "Get Cart",
                    "request": {
                        "method": "GET",
                        "header": [],
                        "url": {
                            "raw": "{{baseUrl}}/cart?user_id={{user_id}}",
                            "host": [
                                "{{baseUrl}}"
                            ],
                            "path": [
                                "cart"
                            ],
                            "query": [
                                {
                                    "key": "user_id",
                                    "value": "{{user_id}}"
                                }
                            ]
                        }
                    }
                },
                {
                    "name": "Update Cart Item",
                    "request": {
                        "method": "PUT",
                        "header": [
                            {
                                "key": "Content-Type",
                                "value": "application/json"
                            }
                        ],
                        "body": {
                            "mode": "raw",
                            "raw": "{\n  \"user_id\": \"{{user_id}}\",\n  \"product_id\": \"{{product_id}}\",\n  \"quantity\": 2\n}"
                        },
                        "url": {
                            "raw": "{{baseUrl}}/cart/item",
                            "host": [
                                "{{baseUrl}}"
                            ],
                            "path": [
                                "cart",
                                "item"
                            ]
                        }
                    }
                },
                {
                    "name": "Remove Cart Item",
                    "request": {
                        "method": "DELETE",
                        "header": [
                            {
                                "key": "Content-Type",
                                "value": "application/json"
                            }
                        ],
                        "body": {
                            "mode": "raw",
                            "raw": "{\n  \"user_id\": \"{{user_id}}\",\n  \"product_id\": \"{{product_id}}\"\n}"
                        },
                        "url": {
                            "raw": "{{baseUrl}}/cart/item",
                            "host": [
                                "{{baseUrl}}"
                            ],
                            "path": [
                                "cart",
                                "item"
                            ]
                        }
                    }
                },
                {
                    "name": "Clear Cart",
                    "request": {
                        "method": "DELETE",
                        "header": [
                            {
                                "key": "Content-Type",
                                "value": "application/json"
                            }
                        ],
                        "body": {
                            "mode": "raw",
                            "raw": "{\n  \"user_id\": \"{{user_id}}\"\n}"
                        },
                        "url": {
                            "raw": "{{baseUrl}}/cart/clear",
                            "host": [
                                "{{baseUrl}}"
                            ],
                            "path": [
                                "cart",
                                "clear"
                            ]
                        }
                    }
                }
            ]
        },
        {
            "name": "Payment",
            "item": [
                {
                    "name": "Create Payment",
                    "request": {
                        "method": "POST",
                        "header": [
                            {
                                "key": "Content-Type",
                                "value": "application/json"
                            }
                        ],
                        "body": {
                            "mode": "raw",
                            "raw": "{\n  \"user_id\": \"{{user_id}}\",\n  \"order_id\": \"{{order_id}}\",\n  \"amount\": 1000,\n  \"status\": \"pending\"\n}"
                        },
                        "url": {
                            "raw": "{{baseUrl}}/payments",
                            "host": [
                                "{{baseUrl}}"
                            ],
                            "path": [
                                "payments"
                            ]
                        }
                    }
                },
                {
                    "name": "Get Payment By ID",
                    "request": {
                        "method": "GET",
                        "header": [],
                        "url": {
                            "raw": "{{baseUrl}}/payments/{{payment_id}}",
                            "host": [
                                "{{baseUrl}}"
                            ],
                            "path": [
                                "payments",
                                "{{payment_id}}"
                            ]
                        }
                    }
                },
                {
                    "name": "Get All Payments",
                    "request": {
                        "method": "GET",
                        "header": [],
                        "url": {
                            "raw": "{{baseUrl}}/payments?user_id={{user_id}}&order_id={{order_id}}",
                            "host": [
                                "{{baseUrl}}"
                            ],
                            "path": [
                                "payments"
                            ],
                            "query": [
                                {
                                    "key": "user_id",
                                    "value": "{{user_id}}"
                                },
                                {
                                    "key": "order_id",
                                    "value": "{{order_id}}"
                                }
                            ]
                        }
                    }
                },
                {
                    "name": "Update Payment Status",
                    "request": {
                        "method": "PATCH",
                        "header": [
                            {
                                "key": "Content-Type",
                                "value": "application/json"
                            }
                        ],
                        "body": {
                            "mode": "raw",
                            "raw": "{\n  \"status\": \"paid\"\n}"
                        },
                        "url": {
                            "raw": "{{baseUrl}}/payments/{{payment_id}}/status",
                            "host": [
                                "{{baseUrl}}"
                            ],
                            "path": [
                                "payments",
                                "{{payment_id}}",
                                "status"
                            ]
                        }
                    }
                }
            ]
        },
        {
            "name": "Tag",
            "item": [
                {
                    "name": "Create Tag",
                    "request": {
                        "method": "POST",
                        "header": [
                            {
                                "key": "Content-Type",
                                "value": "application/json"
                            }
                        ],
                        "body": {
                            "mode": "raw",
                            "raw": "{\n  \"name\": \"cotton\",\n  \"category_id\": \"{{category_id}}\"\n}"
                        },
                        "url": {
                            "raw": "{{baseUrl}}/tags",
                            "host": [
                                "{{baseUrl}}"
                            ],
                            "path": [
                                "tags"
                            ]
                        }
                    }
                },
                {
                    "name": "Get All Tags",
                    "request": {
                        "method": "GET",
                        "header": [],
                        "url": {
                            "raw": "{{baseUrl}}/tags?category_id={{category_id}}",
                            "host": [
                                "{{baseUrl}}"
                            ],
                            "path": [
                                "tags"
                            ],
                            "query": [
                                {
                                    "key": "category_id",
                                    "value": "{{category_id}}"
                                }
                            ]
                        }
                    }
                },
                {
                    "name": "Get Tag By ID",
                    "request": {
                        "method": "GET",
                        "header": [],
                        "url": {
                            "raw": "{{baseUrl}}/tags/{{tag_id}}",
                            "host": [
                                "{{baseUrl}}"
                            ],
                            "path": [
                                "tags",
                                "{{tag_id}}"
                            ]
                        }
                    }
                },
                {
                    "name": "Update Tag",
                    "request": {
                        "method": "PUT",
                        "header": [
                            {
                                "key": "Content-Type",
                                "value": "application/json"
                            }
                        ],
                        "body": {
                            "mode": "raw",
                            "raw": "{\n  \"name\": \"updated tag\"\n}"
                        },
                        "url": {
                            "raw": "{{baseUrl}}/tags/{{tag_id}}",
                            "host": [
                                "{{baseUrl}}"
                            ],
                            "path": [
                                "tags",
                                "{{tag_id}}"
                            ]
                        }
                    }
                },
                {
                    "name": "Delete Tag",
                    "request": {
                        "method": "DELETE",
                        "header": [],
                        "url": {
                            "raw": "{{baseUrl}}/tags/{{tag_id}}",
                            "host": [
                                "{{baseUrl}}"
                            ],
                            "path": [
                                "tags",
                                "{{tag_id}}"
                            ]
                        }
                    }
                }
            ]
        },
        {
            "name": "Admin",
            "item": [
                {
                    "name": "Get All Users (Admin)",
                    "request": {
                        "method": "GET",
                        "header": [],
                        "url": {
                            "raw": "{{baseUrl}}/admin/users",
                            "host": [
                                "{{baseUrl}}"
                            ],
                            "path": [
                                "admin",
                                "users"
                            ]
                        }
                    }
                },
                {
                    "name": "Get All Stores (Admin)",
                    "request": {
                        "method": "GET",
                        "header": [],
                        "url": {
                            "raw": "{{baseUrl}}/admin/stores",
                            "host": [
                                "{{baseUrl}}"
                            ],
                            "path": [
                                "admin",
                                "stores"
                            ]
                        }
                    }
                },
                {
                    "name": "Get All Orders (Admin)",
                    "request": {
                        "method": "GET",
                        "header": [],
                        "url": {
                            "raw": "{{baseUrl}}/admin/orders",
                            "host": [
                                "{{baseUrl}}"
                            ],
                            "path": [
                                "admin",
                                "orders"
                            ]
                        }
                    }
                },
                {
                    "name": "Get All Products (Admin)",
                    "request": {
                        "method": "GET",
                        "header": [],
                        "url": {
                            "raw": "{{baseUrl}}/admin/products",
                            "host": [
                                "{{baseUrl}}"
                            ],
                            "path": [
                                "admin",
                                "products"
                            ]
                        }
                    }
                }
            ]
        },
        {
            "name": "Analytics",
            "item": [
                {
                    "name": "Get Total Sales",
                    "request": {
                        "method": "GET",
                        "header": [],
                        "url": {
                            "raw": "{{baseUrl}}/analytics/total-sales?store_id={{store_id}}",
                            "host": [
                                "{{baseUrl}}"
                            ],
                            "path": [
                                "analytics",
                                "total-sales"
                            ],
                            "query": [
                                {
                                    "key": "store_id",
                                    "value": "{{store_id}}"
                                }
                            ]
                        }
                    }
                },
                {
                    "name": "Get Sales Trend",
                    "request": {
                        "method": "GET",
                        "header": [],
                        "url": {
                            "raw": "{{baseUrl}}/analytics/sales-trend?store_id={{store_id}}&days=30",
                            "host": [
                                "{{baseUrl}}"
                            ],
                            "path": [
                                "analytics",
                                "sales-trend"
                            ],
                            "query": [
                                {
                                    "key": "store_id",
                                    "value": "{{store_id}}"
                                },
                                {
                                    "key": "days",
                                    "value": "30"
                                }
                            ]
                        }
                    }
                },
                {
                    "name": "Get Top Products",
                    "request": {
                        "method": "GET",
                        "header": [],
                        "url": {
                            "raw": "{{baseUrl}}/analytics/top-products?store_id={{store_id}}&limit=5",
                            "host": [
                                "{{baseUrl}}"
                            ],
                            "path": [
                                "analytics",
                                "top-products"
                            ],
                            "query": [
                                {
                                    "key": "store_id",
                                    "value": "{{store_id}}"
                                },
                                {
                                    "key": "limit",
                                    "value": "5"
                                }
                            ]
                        }
                    }
                },
                {
                    "name": "Get User Growth",
                    "request": {
                        "method": "GET",
                        "header": [],
                        "url": {
                            "raw": "{{baseUrl}}/analytics/user-growth?days=30",
                            "host": [
                                "{{baseUrl}}"
                            ],
                            "path": [
                                "analytics",
                                "user-growth"
                            ],
                            "query": [
                                {
                                    "key": "days",
                                    "value": "30"
                                }
                            ]
                        }
                    }
                },
                {
                    "name": "Get Inventory Status",
                    "request": {
                        "method": "GET",
                        "header": [],
                        "url": {
                            "raw": "{{baseUrl}}/analytics/inventory-status",
                            "host": [
                                "{{baseUrl}}"
                            ],
                            "path": [
                                "analytics",
                                "inventory-status"
                            ]
                        }
                    }
                }
            ]
        }
    ],
    "variable": [
        {
            "key": "baseUrl",
            "value": "http://localhost:3000"
        },
        {
            "key": "store_id",
            "value": "STORE_ID"
        },
        {
            "key": "user_id",
            "value": "USER_ID"
        },
        {
            "key": "product_id",
            "value": "PRODUCT_ID"
        },
        {
            "key": "category_id",
            "value": "CATEGORY_ID"
        },
        {
            "key": "order_id",
            "value": "ORDER_ID"
        },
        {
            "key": "payment_id",
            "value": "PAYMENT_ID"
        },
        {
            "key": "tag_id",
            "value": "TAG_ID"
        },
        {
            "key": "role_id",
            "value": "ROLE_ID"
        }
    ]
}